,atrybuty,wspolczynnik_korelacji
0,median_house_value,1.0
1,median_income,0.6880752079585577
2,total_rooms,0.1341531138065627
3,housing_median_age,0.10562341249321065
4,households,0.0658426505700564
5,total_bedrooms,0.0496861802473462
6,population,-0.024649678888894865
7,longitude,-0.0459666151179817
8,latitude,-0.1441602768746574
